StudentId,MCQ,ShortAnswer,TrueFalse,MCQ_gap,ShortAnswer_gap,TrueFalse_gap,TotalGaps,HasKnowledgeGap
1,0.191,0.667,0.5,1,0,0,1,1
6,0.333,0.5,0.444,1,0,1,2,1
10,0.214,0.0,0.357,1,1,1,3,1
12,0.231,1.0,0.778,1,0,0,1,1
14,0.195,0.75,0.333,1,0,1,2,1
16,0.13,0.529,0.562,1,0,0,1,1
20,0.167,0.625,0.5,1,0,0,1,1
22,0.214,0.5,0.0,1,0,1,2,1
25,0.0,1.0,0.0,1,0,1,2,1
28,0.235,0.571,0.429,1,0,1,2,1
29,0.237,0.583,0.444,1,0,1,2,1
30,0.28,0.0,0.3,1,1,1,3,1
32,0.194,0.429,0.364,1,1,1,3,1
35,0.25,0.5,0.538,1,0,0,1,1
36,0.183,0.556,0.588,1,0,0,1,1
41,0.22,0.6,0.429,1,0,1,2,1
42,0.237,0.333,0.385,1,1,1,3,1
45,0.255,0.273,0.417,1,1,1,3,1
47,0.192,0.8,0.389,1,0,1,2,1
50,0.176,0.333,0.6,1,1,0,2,1
51,0.25,1.0,0.667,1,0,0,1,1
59,0.222,0.538,0.188,1,0,1,2,1
61,0.267,0.6,0.6,1,0,0,1,1
68,0.245,0.4,0.4,1,1,1,3,1
71,0.258,0.625,0.429,1,0,1,2,1
73,0.45,0.286,0.4,1,1,1,3,1
76,0.273,0.375,0.333,1,1,1,3,1
77,0.179,0.769,0.5,1,0,0,1,1
78,0.12,0.6,0.571,1,0,0,1,1
94,0.385,0.833,0.5,1,0,0,1,1
95,0.2,0.667,0.667,1,0,0,1,1
107,0.091,,0.667,1,0,0,1,1
110,0.286,0.667,0.5,1,0,0,1,1
111,0.25,0.875,0.6,1,0,0,1,1
112,0.2,0.5,0.75,1,0,0,1,1
116,0.212,0.545,0.0,1,0,1,2,1
117,0.355,0.444,0.333,1,1,1,3,1
118,0.36,0.5,0.643,1,0,0,1,1
121,0.342,0.5,0.458,1,0,1,2,1
125,0.086,0.6,0.714,1,0,0,1,1
127,0.273,0.444,0.63,1,1,0,2,1
128,0.224,0.143,0.5,1,1,0,2,1
130,0.154,0.6,0.333,1,0,1,2,1
133,0.156,1.0,0.333,1,0,1,2,1
134,1.0,,0.667,0,0,0,0,0
154,0.375,0.5,0.5,1,0,0,1,1
155,0.167,0.0,,1,1,0,2,1
158,0.192,0.4,1.0,1,1,0,2,1
159,0.333,0.529,0.625,1,0,0,1,1
162,0.143,0.6,0.0,1,0,1,2,1
163,0.259,0.615,0.444,1,0,1,2,1
164,0.393,0.75,0.889,1,0,0,1,1
186,0.667,0.5,,0,0,0,0,0
189,0.209,0.6,0.222,1,0,1,2,1
191,0.263,0.667,0.6,1,0,0,1,1
193,0.176,0.857,0.688,1,0,0,1,1
196,0.297,0.778,0.5,1,0,0,1,1
197,0.152,0.583,0.636,1,0,0,1,1
198,0.2,0.5,0.6,1,0,0,1,1
199,0.179,0.0,0.6,1,1,0,2,1
201,0.271,0.467,0.423,1,1,1,3,1
203,0.322,0.545,0.556,1,0,0,1,1
211,0.222,0.25,0.417,1,1,1,3,1
214,0.2,0.4,0.467,1,1,1,3,1
215,0.233,0.5,0.529,1,0,0,1,1
217,0.31,0.429,0.714,1,1,0,2,1
219,0.244,0.6,0.357,1,0,1,2,1
222,0.25,0.667,,1,0,0,1,1
223,0.0,,1.0,1,0,0,1,1
224,0.152,0.412,0.5,1,1,0,2,1
227,0.213,0.375,0.333,1,1,1,3,1
229,0.26,0.583,0.538,1,0,0,1,1
230,0.368,0.5,0.667,1,0,0,1,1
231,0.182,0.667,0.429,1,0,1,2,1
236,0.196,0.529,0.5,1,0,0,1,1
237,0.2,0.375,0.0,1,1,1,3,1
238,0.167,0.333,0.333,1,1,1,3,1
239,0.348,0.375,0.462,1,1,1,3,1
244,0.238,0.571,1.0,1,0,0,1,1
252,0.344,0.5,0.333,1,0,1,2,1
253,0.268,0.417,0.417,1,1,1,3,1
258,0.25,0.75,0.167,1,0,1,2,1
259,0.262,0.222,0.571,1,1,0,2,1
260,0.245,0.667,0.588,1,0,0,1,1
264,0.216,0.5,0.455,1,0,1,2,1
265,0.321,0.278,0.462,1,1,1,3,1
267,0.281,0.714,0.565,1,0,0,1,1
274,0.224,0.444,0.4,1,1,1,3,1
283,0.254,0.462,0.308,1,1,1,3,1
284,0.269,0.519,0.435,1,0,1,2,1
285,0.323,0.333,0.667,1,1,0,2,1
286,0.184,0.7,0.647,1,0,0,1,1
288,0.268,0.727,0.688,1,0,0,1,1
291,0.326,0.5,0.833,1,0,0,1,1
295,0.163,0.545,0.444,1,0,1,2,1
298,0.184,0.389,0.348,1,1,1,3,1
299,0.143,1.0,0.333,1,0,1,2,1
300,0.2,0.429,0.0,1,1,1,3,1
302,0.167,0.444,0.286,1,1,1,3,1
303,0.107,0.6,0.5,1,0,0,1,1
305,0.3,0.455,0.647,1,1,0,2,1
308,0.242,0.667,0.444,1,0,1,2,1
314,0.167,0.5,0.333,1,0,1,2,1
317,0.238,0.667,0.75,1,0,0,1,1
319,0.259,0.4,0.5,1,1,0,2,1
320,0.282,0.636,0.357,1,0,1,2,1
322,0.263,0.0,1.0,1,1,0,2,1
324,0.268,0.375,0.48,1,1,1,3,1
328,0.286,0.333,0.333,1,1,1,3,1
333,0.385,0.222,0.556,1,1,0,2,1
336,0.333,0.6,0.667,1,0,0,1,1
338,0.207,0.5,0.5,1,0,0,1,1
342,0.25,0.5,0.75,1,0,0,1,1
356,0.5,,1.0,0,0,0,0,0
357,0.209,0.444,0.6,1,1,0,2,1
361,0.195,0.375,0.5,1,1,0,2,1
369,0.206,0.333,0.556,1,1,0,2,1
371,0.167,0.333,0.167,1,1,1,3,1
373,0.2,0.571,0.571,1,0,0,1,1
378,0.273,0.5,0.5,1,0,0,1,1
385,0.394,0.5,0.9,1,0,0,1,1
392,0.176,0.5,0.2,1,0,1,2,1
395,0.391,0.5,1.0,1,0,0,1,1
400,0.321,0.25,0.417,1,1,1,3,1
402,0.5,1.0,0.0,0,0,1,1,1
404,0.333,0.467,0.421,1,1,1,3,1
407,0.333,0.2,0.286,1,1,1,3,1
413,0.222,0.5,0.364,1,0,1,2,1
416,0.32,0.571,,1,0,0,1,1
423,0.231,1.0,0.5,1,0,0,1,1
424,0.312,0.25,0.5,1,1,0,2,1
430,0.154,0.5,0.75,1,0,0,1,1
432,0.36,1.0,0.667,1,0,0,1,1
435,0.25,0.333,0.619,1,1,0,2,1
438,0.0,1.0,,1,0,0,1,1
441,0.243,0.4,0.474,1,1,1,3,1
443,0.333,1.0,0.4,1,0,1,2,1
445,0.163,0.0,0.667,1,1,0,2,1
449,0.145,0.6,0.462,1,0,1,2,1
452,0.235,0.625,0.167,1,0,1,2,1
456,0.227,0.333,0.25,1,1,1,3,1
459,0.259,0.529,0.429,1,0,1,2,1
461,0.209,0.333,0.5,1,1,0,2,1
466,0.136,0.556,0.625,1,0,0,1,1
471,0.269,0.5,0.526,1,0,0,1,1
474,0.394,0.625,0.467,1,0,1,2,1
475,0.143,0.25,0.429,1,1,1,3,1
477,0.146,0.625,0.5,1,0,0,1,1
479,0.056,0.75,0.8,1,0,0,1,1
481,0.259,0.0,0.714,1,1,0,2,1
482,0.25,0.333,0.667,1,1,0,2,1
487,0.27,0.615,0.385,1,0,1,2,1
491,0.0,0.333,0.667,1,1,0,2,1
504,0.35,0.0,0.667,1,1,0,2,1
506,0.246,0.818,0.583,1,0,0,1,1
507,0.25,0.538,0.571,1,0,0,1,1
508,0.225,0.556,0.333,1,0,1,2,1
518,0.222,0.75,0.412,1,0,1,2,1
519,0.222,0.364,0.625,1,1,0,2,1
523,0.23,0.625,0.462,1,0,1,2,1
528,0.217,0.5,0.75,1,0,0,1,1
529,0.154,0.714,0.333,1,0,1,2,1
530,0.667,,0.0,0,0,1,1,1
535,0.25,0.0,0.667,1,1,0,2,1
540,0.148,0.625,0.6,1,0,0,1,1
541,0.31,0.556,0.375,1,0,1,2,1
546,0.224,0.583,0.308,1,0,1,2,1
553,0.111,0.5,0.5,1,0,0,1,1
561,0.205,0.6,0.579,1,0,0,1,1
564,0.242,0.2,0.667,1,1,0,2,1
566,0.194,0.25,0.5,1,1,0,2,1
571,0.194,0.643,0.455,1,0,1,2,1
572,0.233,0.533,0.385,1,0,1,2,1
573,0.286,0.333,0.667,1,1,0,2,1
576,0.5,0.5,0.0,0,0,1,1,1
580,0.306,0.529,0.4,1,0,1,2,1
582,0.25,,,1,0,0,1,1
586,0.25,0.0,0.0,1,1,1,3,1
591,0.382,1.0,0.429,1,0,1,2,1
599,0.4,1.0,0.0,1,0,1,2,1
600,0.421,0.5,0.5,1,0,0,1,1
601,0.234,0.143,0.571,1,1,0,2,1
605,0.143,0.25,0.25,1,1,1,3,1
609,0.333,0.571,0.5,1,0,0,1,1
610,0.0,,0.5,1,0,0,1,1
614,0.2,1.0,0.5,1,0,0,1,1
625,0.267,0.4,0.375,1,1,1,3,1
627,0.25,0.25,0.545,1,1,0,2,1
631,0.233,0.368,0.636,1,1,0,2,1
632,0.226,0.333,0.4,1,1,1,3,1
634,0.407,0.556,0.857,1,0,0,1,1
636,0.333,0.583,0.143,1,0,1,2,1
637,0.286,0.25,0.588,1,1,0,2,1
638,0.2,0.769,0.44,1,0,1,2,1
640,0.242,0.556,0.308,1,0,1,2,1
641,0.263,0.375,0.458,1,1,1,3,1
645,0.25,0.125,0.833,1,1,0,2,1
646,0.286,,0.333,1,0,1,2,1
648,0.056,0.5,0.5,1,0,0,1,1
651,0.271,0.333,0.643,1,1,0,2,1
662,0.1,0.0,0.75,1,1,0,2,1
664,0.2,0.333,0.75,1,1,0,2,1
665,0.191,0.692,0.833,1,0,0,1,1
666,0.148,0.571,0.238,1,0,1,2,1
670,0.318,0.333,1.0,1,1,0,2,1
671,0.353,0.444,0.412,1,1,1,3,1
673,0.2,0.5,0.0,1,0,1,2,1
677,0.191,0.385,0.5,1,1,0,2,1
689,0.215,0.562,0.5,1,0,0,1,1
691,0.353,0.615,0.357,1,0,1,2,1
698,0.125,0.571,0.333,1,0,1,2,1
702,0.214,0.429,0.571,1,1,0,2,1
703,0.25,0.5,0.0,1,0,1,2,1
711,0.19,0.615,0.556,1,0,0,1,1
712,0.26,0.462,0.688,1,1,0,2,1
717,0.231,0.333,0.0,1,1,1,3,1
719,0.2,0.5,0.143,1,0,1,2,1
726,0.056,0.25,0.556,1,1,0,2,1
730,0.198,0.567,0.483,1,0,1,2,1
732,0.412,0.5,0.6,1,0,0,1,1
742,0.308,1.0,0.6,1,0,0,1,1
744,0.208,0.6,0.571,1,0,0,1,1
750,0.136,0.556,0.455,1,0,1,2,1
751,,,0.333,0,0,1,1,1
755,0.122,,0.692,1,0,0,1,1
756,0.239,0.286,0.562,1,1,0,2,1
757,0.195,1.0,0.6,1,0,0,1,1
758,0.318,0.4,0.5,1,1,0,2,1
760,0.222,,0.5,1,0,0,1,1
763,0.146,0.25,0.333,1,1,1,3,1
767,0.25,0.5,0.667,1,0,0,1,1
769,0.5,0.0,0.25,0,1,1,2,1
772,0.5,0.667,0.5,0,0,0,0,0
776,0.2,0.857,0.0,1,0,1,2,1
778,0.333,0.556,0.556,1,0,0,1,1
779,0.269,0.75,0.625,1,0,0,1,1
780,0.467,0.667,1.0,1,0,0,1,1
785,0.227,0.5,0.522,1,0,0,1,1
788,0.296,0.5,0.2,1,0,1,2,1
792,0.429,,,1,0,0,1,1
793,0.217,0.1,0.571,1,1,0,2,1
796,0.25,0.333,0.571,1,1,0,2,1
800,0.3,0.429,0.667,1,1,0,2,1
804,0.0,0.333,0.0,1,1,1,3,1
805,0.212,0.588,0.364,1,0,1,2,1
806,0.407,0.833,0.278,1,0,1,2,1
809,0.236,0.462,0.389,1,1,1,3,1
812,0.222,0.667,0.667,1,0,0,1,1
813,0.216,0.556,0.542,1,0,0,1,1
816,0.278,0.444,0.565,1,1,0,2,1
822,0.167,1.0,0.5,1,0,0,1,1
826,0.266,0.333,0.619,1,1,0,2,1
830,0.241,0.5,0.7,1,0,0,1,1
834,0.294,0.0,0.286,1,1,1,3,1
837,0.16,0.5,0.688,1,0,0,1,1
838,0.304,0.5,0.333,1,0,1,2,1
840,0.295,0.417,0.406,1,1,1,3,1
847,0.226,0.333,0.353,1,1,1,3,1
848,0.264,0.5,0.357,1,0,1,2,1
849,0.347,0.2,0.429,1,1,1,3,1
854,0.32,0.625,0.556,1,0,0,1,1
858,0.222,0.0,0.0,1,1,1,3,1
863,0.136,0.381,0.435,1,1,1,3,1
869,0.347,0.5,0.579,1,0,0,1,1
871,0.42,0.6,0.5,1,0,0,1,1
872,0.323,0.667,0.5,1,0,0,1,1
873,0.1,0.5,0.0,1,0,1,2,1
875,0.333,0.643,0.2,1,0,1,2,1
877,0.261,0.308,0.471,1,1,1,3,1
880,0.286,0.7,0.667,1,0,0,1,1
887,0.115,0.6,0.0,1,0,1,2,1
888,0.179,0.5,0.636,1,0,0,1,1
894,0.24,0.375,0.5,1,1,0,2,1
898,0.217,0.545,0.571,1,0,0,1,1
902,0.133,1.0,0.667,1,0,0,1,1
905,0.0,1.0,0.75,1,0,0,1,1
906,0.4,0.5,0.5,1,0,0,1,1
907,0.225,0.421,0.556,1,1,0,2,1
909,0.103,0.364,0.556,1,1,0,2,1
911,0.222,0.7,0.444,1,0,1,2,1
912,0.246,0.714,0.538,1,0,0,1,1
913,0.317,0.5,0.4,1,0,1,2,1
915,0.0,,0.5,1,0,0,1,1
917,0.211,0.5,0.875,1,0,0,1,1
921,0.094,0.5,0.636,1,0,0,1,1
923,0.265,0.611,0.56,1,0,0,1,1
927,0.282,0.429,0.667,1,1,0,2,1
929,0.172,,0.5,1,0,0,1,1
935,0.244,0.5,0.583,1,0,0,1,1
936,0.0,1.0,,1,0,0,1,1
937,0.0,,0.0,1,0,1,2,1
948,0.229,0.273,0.484,1,1,1,3,1
951,0.297,0.353,0.389,1,1,1,3,1
952,0.234,0.273,0.414,1,1,1,3,1
953,0.5,,1.0,0,0,0,0,0
957,0.333,0.471,0.522,1,1,0,2,1
958,0.25,0.333,1.0,1,1,0,2,1
961,0.267,0.5,0.5,1,0,0,1,1
966,0.429,0.667,0.0,1,0,1,2,1
978,0.24,0.6,0.3,1,0,1,2,1
982,0.143,,,1,0,0,1,1
983,0.217,0.438,0.455,1,1,1,3,1
984,0.246,0.75,0.556,1,0,0,1,1
987,0.214,0.222,0.4,1,1,1,3,1
988,0.194,0.429,0.5,1,1,0,2,1
1005,0.15,0.833,0.273,1,0,1,2,1
1009,0.302,0.667,0.5,1,0,0,1,1
1011,0.215,0.462,0.462,1,1,1,3,1
1012,0.237,0.7,0.412,1,0,1,2,1
1030,0.2,0.333,0.5,1,1,0,2,1
1033,0.2,0.0,0.2,1,1,1,3,1
1034,0.188,1.0,0.2,1,0,1,2,1
1036,0.244,0.545,0.667,1,0,0,1,1
1046,0.625,0.0,1.0,0,1,0,1,1
1048,0.333,0.667,0.583,1,0,0,1,1
1049,0.25,0.636,0.565,1,0,0,1,1
1052,0.281,0.6,0.5,1,0,0,1,1
1055,0.259,0.5,0.48,1,0,1,2,1
1057,0.158,0.7,0.364,1,0,1,2,1
1063,0.279,0.545,0.632,1,0,0,1,1
1069,0.0,0.0,0.667,1,1,0,2,1
1075,0.0,,1.0,1,0,0,1,1
1076,0.357,0.667,0.75,1,0,0,1,1
1079,0.286,0.5,0.625,1,0,0,1,1
1082,0.353,0.8,0.571,1,0,0,1,1
1086,0.2,0.429,0.833,1,1,0,2,1
1091,0.143,0.714,0.615,1,0,0,1,1
1092,0.161,0.429,0.333,1,1,1,3,1
1093,0.241,0.75,0.167,1,0,1,2,1
1094,0.241,0.429,0.5,1,1,0,2,1
1098,0.364,0.5,0.333,1,0,1,2,1
1104,0.271,0.571,0.562,1,0,0,1,1
1107,0.179,0.438,0.45,1,1,1,3,1
1110,0.271,0.4,0.7,1,1,0,2,1
1115,0.238,1.0,0.5,1,0,0,1,1
1131,0.236,0.643,0.5,1,0,0,1,1
1133,0.059,0.429,0.286,1,1,1,3,1
1134,0.161,0.333,0.474,1,1,1,3,1
1135,0.219,0.75,0.364,1,0,1,2,1
1136,0.256,0.368,0.733,1,1,0,2,1
1137,0.25,0.333,0.6,1,1,0,2,1
1142,0.349,0.4,0.6,1,1,0,2,1
1150,0.317,0.727,0.458,1,0,1,2,1
1151,0.5,,,0,0,0,0,0
1153,0.255,0.364,0.481,1,1,1,3,1
1154,0.372,0.533,0.417,1,0,1,2,1
1155,0.262,0.667,0.643,1,0,0,1,1
1159,0.217,0.6,0.571,1,0,0,1,1
1162,0.286,0.8,0.5,1,0,0,1,1
1164,0.229,0.714,0.692,1,0,0,1,1
1169,0.344,0.429,0.167,1,1,1,3,1
1172,0.258,0.667,0.375,1,0,1,2,1
1174,0.348,0.286,0.8,1,1,0,2,1
1175,0.246,0.444,0.455,1,1,1,3,1
1176,0.196,0.44,0.5,1,1,0,2,1
1178,0.233,0.688,0.2,1,0,1,2,1
1179,0.286,0.5,0.714,1,0,0,1,1
1180,0.207,0.429,0.0,1,1,1,3,1
1182,0.429,0.5,0.5,1,0,0,1,1
1185,0.188,0.625,0.529,1,0,0,1,1
1193,0.271,0.429,0.389,1,1,1,3,1
1194,0.5,0.0,0.25,0,1,1,2,1
1196,0.276,0.389,0.353,1,1,1,3,1
1199,0.193,0.6,0.438,1,0,1,2,1
1200,0.4,1.0,0.667,1,0,0,1,1
1201,0.321,0.571,0.375,1,0,1,2,1
1202,0.211,0.438,0.571,1,1,0,2,1
1206,0.106,0.333,0.333,1,1,1,3,1
1208,0.236,0.667,0.294,1,0,1,2,1
1213,0.312,0.6,0.333,1,0,1,2,1
1218,0.25,0.556,0.5,1,0,0,1,1
1222,0.333,0.286,0.636,1,1,0,2,1
1229,0.179,0.167,0.571,1,1,0,2,1
1231,0.333,0.5,0.583,1,0,0,1,1
1233,0.217,0.4,0.615,1,1,0,2,1
1234,0.344,0.75,0.385,1,0,1,2,1
1237,0.286,0.7,0.458,1,0,1,2,1
1240,0.231,0.368,0.667,1,1,0,2,1
1243,0.121,0.667,0.381,1,0,1,2,1
1253,0.321,0.0,0.545,1,1,0,2,1
1255,0.377,0.444,0.333,1,1,1,3,1
1256,0.455,0.2,1.0,1,1,0,2,1
1259,0.25,0.545,0.375,1,0,1,2,1
1261,0.36,0.467,0.688,1,1,0,2,1
1264,0.22,0.2,0.462,1,1,1,3,1
1265,0.217,0.4,0.286,1,1,1,3,1
1268,0.176,0.444,0.5,1,1,0,2,1
1270,0.412,0.286,0.765,1,1,0,2,1
1271,0.203,0.8,1.0,1,0,0,1,1
1275,0.25,0.429,0.6,1,1,0,2,1
1276,0.158,0.0,0.5,1,1,0,2,1
1279,0.312,0.667,0.364,1,0,1,2,1
1285,0.348,0.2,0.667,1,1,0,2,1
1288,0.159,0.333,0.267,1,1,1,3,1
1291,0.227,0.5,0.5,1,0,0,1,1
1292,0.333,0.4,0.4,1,1,1,3,1
1297,0.241,0.556,0.5,1,0,0,1,1
1299,0.125,0.444,0.714,1,1,0,2,1
1302,0.196,0.467,0.562,1,1,0,2,1
1307,0.2,0.0,0.8,1,1,0,2,1
1311,0.167,0.364,0.6,1,1,0,2,1
1316,0.5,0.333,0.25,0,1,1,2,1
1317,0.269,0.167,0.333,1,1,1,3,1
1319,0.37,0.571,0.611,1,0,0,1,1
1321,0.196,0.167,0.529,1,1,0,2,1
1322,0.222,,0.4,1,0,1,2,1
1323,0.4,0.5,0.0,1,0,1,2,1
1324,0.412,0.2,0.125,1,1,1,3,1
1328,0.371,0.5,0.529,1,0,0,1,1
1329,0.18,0.714,0.5,1,0,0,1,1
1334,0.4,0.5,0.353,1,0,1,2,1
1336,0.167,1.0,1.0,1,0,0,1,1
1338,0.204,0.75,0.714,1,0,0,1,1
1339,0.269,0.35,0.45,1,1,1,3,1
1343,0.281,0.467,0.458,1,1,1,3,1
1344,0.214,0.5,0.375,1,0,1,2,1
1347,0.2,0.2,0.667,1,1,0,2,1
1350,0.354,0.667,0.609,1,0,0,1,1
1352,0.292,0.667,0.5,1,0,0,1,1
1354,0.354,0.5,0.524,1,0,0,1,1
1359,0.0,0.5,0.0,1,0,1,2,1
1360,0.244,0.429,0.556,1,1,0,2,1
1361,0.288,0.364,0.583,1,1,0,2,1
1362,0.244,0.774,0.52,1,0,0,1,1
1365,0.333,0.75,0.5,1,0,0,1,1
1366,0.17,0.389,0.308,1,1,1,3,1
1368,0.283,0.455,0.6,1,1,0,2,1
1373,0.23,0.56,0.571,1,0,0,1,1
1374,0.28,1.0,0.625,1,0,0,1,1
1375,0.263,0.727,0.6,1,0,0,1,1
1376,0.219,0.5,0.364,1,0,1,2,1
1377,0.0,0.0,,1,1,0,2,1
1378,1.0,,0.0,0,0,1,1,1
1380,0.333,0.778,0.667,1,0,0,1,1
1381,0.188,0.75,0.5,1,0,0,1,1
1382,0.322,0.417,0.381,1,1,1,3,1
1387,0.25,0.524,0.308,1,0,1,2,1
1389,0.237,0.0,0.667,1,1,0,2,1
1390,0.182,0.0,0.333,1,1,1,3,1
1396,0.222,0.7,0.56,1,0,0,1,1
1398,0.357,0.0,0.25,1,1,1,3,1
1400,0.243,0.5,0.538,1,0,0,1,1
1403,0.152,0.538,0.5,1,0,0,1,1
1409,0.26,0.467,0.368,1,1,1,3,1
1411,0.2,1.0,0.0,1,0,1,2,1
1412,0.194,0.333,0.333,1,1,1,3,1
1416,0.276,0.588,0.526,1,0,0,1,1
1427,0.245,0.7,0.455,1,0,1,2,1
1430,0.167,,0.5,1,0,0,1,1
1434,0.357,0.286,0.0,1,1,1,3,1
1435,0.304,0.5,0.556,1,0,0,1,1
1437,0.304,0.222,0.5,1,1,0,2,1
1440,0.429,0.444,0.857,1,1,0,2,1
1442,0.25,0.467,0.6,1,1,0,2,1
1444,0.167,,0.667,1,0,0,1,1
1451,0.0,,0.5,1,0,0,1,1
1456,0.286,0.333,0.75,1,1,0,2,1
1458,0.385,0.0,0.455,1,1,1,3,1
1460,0.2,1.0,1.0,1,0,0,1,1
1467,0.229,0.556,0.25,1,0,1,2,1
1468,0.203,0.429,0.5,1,1,0,2,1
1469,0.321,0.5,0.667,1,0,0,1,1
1470,0.302,0.35,0.5,1,1,0,2,1
1471,0.5,,,0,0,0,0,0
1472,0.25,0.5,0.471,1,0,1,2,1
1475,0.229,0.412,0.444,1,1,1,3,1
1476,0.396,0.875,0.543,1,0,0,1,1
1478,0.35,0.667,0.714,1,0,0,1,1
1479,0.148,0.667,0.6,1,0,0,1,1
1484,0.226,0.667,0.647,1,0,0,1,1
1486,0.333,0.0,1.0,1,1,0,2,1
1493,0.182,0.176,0.69,1,1,0,2,1
1494,0.256,0.15,0.528,1,1,0,2,1
1497,0.0,,0.0,1,0,1,2,1
1498,0.0,,0.667,1,0,0,1,1
1500,0.19,0.286,0.333,1,1,1,3,1
1501,0.182,0.231,0.375,1,1,1,3,1
1504,0.25,,0.0,1,0,1,2,1
1505,0.172,0.286,0.4,1,1,1,3,1
1506,0.294,0.25,0.308,1,1,1,3,1
1508,0.0,1.0,,1,0,0,1,1
1510,0.216,0.467,0.333,1,1,1,3,1
1516,0.419,0.0,0.333,1,1,1,3,1
1521,0.273,0.5,0.5,1,0,0,1,1
1527,0.375,0.0,0.5,1,1,0,2,1
1533,0.366,0.6,0.75,1,0,0,1,1
1535,0.167,0.2,0.414,1,1,1,3,1
1542,0.173,0.429,0.545,1,1,0,2,1
1550,0.231,0.647,0.333,1,0,1,2,1
1551,0.3,,0.333,1,0,1,2,1
1552,0.339,0.6,0.462,1,0,1,2,1
1555,0.258,0.143,0.375,1,1,1,3,1
1557,0.244,0.588,0.548,1,0,0,1,1
1558,0.267,0.6,0.5,1,0,0,1,1
1559,0.325,0.75,0.455,1,0,1,2,1
1560,0.176,1.0,0.545,1,0,0,1,1
1561,0.3,0.615,0.333,1,0,1,2,1
1562,0.211,0.333,0.667,1,1,0,2,1
1565,0.227,0.375,0.182,1,1,1,3,1
1568,0.293,0.5,0.577,1,0,0,1,1
1569,0.232,0.3,0.588,1,1,0,2,1
1574,0.217,0.571,0.455,1,0,1,2,1
1576,0.236,0.417,0.667,1,1,0,2,1
1579,0.333,1.0,0.0,1,0,1,2,1
1580,0.259,0.667,0.75,1,0,0,1,1
1581,0.28,0.125,0.438,1,1,1,3,1
1585,0.256,0.25,0.579,1,1,0,2,1
1587,0.208,0.533,0.562,1,0,0,1,1
1592,0.27,0.5,0.125,1,0,1,2,1
1593,0.28,0.5,0.333,1,0,1,2,1
1596,0.286,0.429,0.333,1,1,1,3,1
1601,0.333,0.5,0.5,1,0,0,1,1
1603,0.217,1.0,,1,0,0,1,1
1604,0.268,0.75,0.25,1,0,1,2,1
1606,0.208,0.444,0.368,1,1,1,3,1
1607,0.211,0.667,,1,0,0,1,1
1613,0.15,0.692,0.667,1,0,0,1,1
1622,0.204,0.667,0.385,1,0,1,2,1
1623,0.273,0.4,0.818,1,1,0,2,1
1624,0.0,,0.5,1,0,0,1,1
1626,0.286,0.333,0.1,1,1,1,3,1
1633,0.213,0.529,0.176,1,0,1,2,1
1654,0.267,,0.833,1,0,0,1,1
1658,0.25,0.429,0.625,1,1,0,2,1
1659,0.344,0.643,0.273,1,0,1,2,1
1660,0.25,0.714,0.636,1,0,0,1,1
1669,0.333,0.667,0.571,1,0,0,1,1
1675,0.229,0.5,0.4,1,0,1,2,1
1677,0.324,0.462,0.467,1,1,1,3,1
1688,0.132,0.5,0.684,1,0,0,1,1
1690,0.316,0.444,0.583,1,1,0,2,1
1691,0.25,0.833,0.571,1,0,0,1,1
1695,0.188,0.25,0.643,1,1,0,2,1
1699,0.277,0.667,0.643,1,0,0,1,1
1706,0.215,0.4,0.286,1,1,1,3,1
1714,0.214,0.75,0.474,1,0,1,2,1
1722,0.263,0.391,0.526,1,1,0,2,1
1723,0.216,0.364,0.75,1,1,0,2,1
1728,0.167,0.5,0.0,1,0,1,2,1
1729,0.235,0.375,0.462,1,1,1,3,1
1740,0.241,0.75,0.875,1,0,0,1,1
1741,0.171,0.643,0.556,1,0,0,1,1
1746,0.389,0.556,0.25,1,0,1,2,1
1748,0.212,0.556,0.5,1,0,0,1,1
1760,0.304,1.0,0.0,1,0,1,2,1
1762,0.233,0.429,1.0,1,1,0,2,1
1763,0.214,0.333,0.778,1,1,0,2,1
1765,0.2,0.333,0.75,1,1,0,2,1
1766,0.25,0.5,0.25,1,0,1,2,1
1768,0.3,0.391,0.312,1,1,1,3,1
1769,0.188,0.5,0.25,1,0,1,2,1
1770,0.375,1.0,0.444,1,0,1,2,1
1781,0.354,0.429,0.652,1,1,0,2,1
1783,0.211,0.455,0.636,1,1,0,2,1
1785,0.3,0.667,0.3,1,0,1,2,1
1786,0.25,0.5,0.56,1,0,0,1,1
1787,0.154,0.583,0.375,1,0,1,2,1
1789,0.188,0.333,0.667,1,1,0,2,1
1800,0.2,,0.5,1,0,0,1,1
1803,0.278,0.556,0.722,1,0,0,1,1
1809,0.327,0.542,0.36,1,0,1,2,1
1814,0.182,0.333,0.333,1,1,1,3,1
1817,0.13,0.0,0.5,1,1,0,2,1
1829,0.182,0.385,0.706,1,1,0,2,1
1832,0.167,0.4,0.429,1,1,1,3,1
1837,0.22,0.588,0.438,1,0,1,2,1
1846,0.214,0.222,0.438,1,1,1,3,1
1847,0.224,0.5,0.214,1,0,1,2,1
1850,0.233,0.471,0.5,1,1,0,2,1
1851,0.241,0.0,1.0,1,1,0,2,1
1852,0.333,0.571,0.667,1,0,0,1,1
1853,0.277,0.417,0.455,1,1,1,3,1
1854,0.265,0.5,0.615,1,0,0,1,1
1855,0.159,0.235,0.571,1,1,0,2,1
1865,0.333,0.545,0.8,1,0,0,1,1
1867,0.375,0.571,0.429,1,0,1,2,1
1874,0.291,0.55,0.8,1,0,0,1,1
1878,0.167,1.0,0.8,1,0,0,1,1
1884,0.0,,0.375,1,0,1,2,1
1885,0.237,0.312,0.423,1,1,1,3,1
1887,0.2,,0.714,1,0,0,1,1
1888,0.128,0.2,0.182,1,1,1,3,1
1890,0.217,0.538,0.778,1,0,0,1,1
1893,0.143,,0.333,1,0,1,2,1
1894,0.0,,1.0,1,0,0,1,1
1895,0.255,0.667,0.619,1,0,0,1,1
1896,0.279,0.429,0.4,1,1,1,3,1
1897,1.0,,1.0,0,0,0,0,0
1898,0.167,0.5,0.0,1,0,1,2,1
1900,0.136,1.0,0.5,1,0,0,1,1
1909,0.14,0.8,0.889,1,0,0,1,1
1918,0.19,0.5,0.2,1,0,1,2,1
1921,0.364,,0.571,1,0,0,1,1
1926,0.5,0.8,0.5,0,0,0,0,0
1930,0.203,0.333,0.429,1,1,1,3,1
1933,0.146,0.647,0.348,1,0,1,2,1
1938,0.261,0.25,0.5,1,1,0,2,1
1939,0.3,1.0,0.8,1,0,0,1,1
1940,0.353,,,1,0,0,1,1
1942,0.224,0.5,0.455,1,0,1,2,1
1944,0.164,0.688,0.667,1,0,0,1,1
1948,0.4,0.571,0.615,1,0,0,1,1
1949,0.333,0.0,,1,1,0,2,1
1950,0.276,0.636,0.538,1,0,0,1,1
1953,0.372,0.474,0.632,1,1,0,2,1
1956,0.333,0.286,0.538,1,1,0,2,1
1957,0.18,0.667,0.5,1,0,0,1,1
1959,0.375,0.4,0.5,1,1,0,2,1
1965,0.316,0.722,0.45,1,0,1,2,1
1967,0.056,0.0,0.75,1,1,0,2,1
1970,0.0,0.0,,1,1,0,2,1
1971,0.208,0.667,0.571,1,0,0,1,1
1973,0.286,0.25,0.462,1,1,1,3,1
1974,0.349,0.375,0.455,1,1,1,3,1
1976,0.167,0.5,0.692,1,0,0,1,1
1980,0.275,0.714,0.364,1,0,1,2,1
1985,0.36,0.5,1.0,1,0,0,1,1
1991,0.0,1.0,,1,0,0,1,1
2002,0.321,0.333,0.5,1,1,0,2,1
2003,0.312,0.667,0.583,1,0,0,1,1
2005,0.219,0.5,0.4,1,0,1,2,1
2006,0.167,0.312,0.5,1,1,0,2,1
2008,0.167,1.0,0.667,1,0,0,1,1
2010,0.381,0.444,0.333,1,1,1,3,1
2011,0.2,0.727,0.517,1,0,0,1,1
2013,0.115,0.4,0.4,1,1,1,3,1
2015,0.288,0.5,0.667,1,0,0,1,1
2018,0.333,0.556,0.667,1,0,0,1,1
2020,0.412,0.462,1.0,1,1,0,2,1
2023,0.229,0.3,0.0,1,1,1,3,1
2026,0.5,,0.5,0,0,0,0,0
2028,0.167,0.5,0.667,1,0,0,1,1
2031,0.264,0.438,0.7,1,1,0,2,1
2035,0.158,1.0,0.636,1,0,0,1,1
2041,0.1,0.3,0.333,1,1,1,3,1
2044,0.255,0.545,0.667,1,0,0,1,1
2046,0.636,0.667,0.667,0,0,0,0,0
2048,0.301,0.533,0.5,1,0,0,1,1
2049,0.333,0.5,,1,0,0,1,1
2052,0.32,0.444,0.417,1,1,1,3,1
2055,0.358,0.667,0.5,1,0,0,1,1
2057,0.5,1.0,0.833,0,0,0,0,0
2059,0.321,0.667,0.562,1,0,0,1,1
2061,0.185,0.571,1.0,1,0,0,1,1
2063,0.163,0.333,0.5,1,1,0,2,1
2064,0.236,0.727,0.44,1,0,1,2,1
2066,0.265,0.4,0.714,1,1,0,2,1
2067,0.448,0.6,0.75,1,0,0,1,1
2068,0.222,0.5,0.667,1,0,0,1,1
2070,0.0,1.0,,1,0,0,1,1
2073,0.255,0.588,0.471,1,0,1,2,1
2077,0.0,,0.0,1,0,1,2,1
2078,0.229,0.417,0.412,1,1,1,3,1
2083,0.279,0.583,0.273,1,0,1,2,1
2084,0.194,0.5,0.4,1,0,1,2,1
2090,0.261,0.6,0.8,1,0,0,1,1
2091,0.333,1.0,0.75,1,0,0,1,1
2093,0.25,,,1,0,0,1,1
2095,0.158,0.0,0.2,1,1,1,3,1
2098,0.095,0.5,0.6,1,0,0,1,1
2100,0.189,0.556,0.571,1,0,0,1,1
2102,0.286,0.5,0.0,1,0,1,2,1
2104,0.256,0.312,0.7,1,1,0,2,1
2108,0.241,0.222,0.583,1,1,0,2,1
2109,0.184,0.5,0.462,1,0,1,2,1
2115,0.214,0.538,0.6,1,0,0,1,1
2116,0.214,0.667,0.333,1,0,1,2,1
2117,0.214,0.471,0.467,1,1,1,3,1
2118,0.25,1.0,1.0,1,0,0,1,1
2119,0.229,,0.5,1,0,0,1,1
2122,0.235,0.833,0.52,1,0,0,1,1
2125,0.419,0.267,0.4,1,1,1,3,1
2126,0.27,0.667,0.444,1,0,1,2,1
2130,0.258,0.235,0.667,1,1,0,2,1
2134,0.3,0.5,0.412,1,0,1,2,1
2138,0.345,0.429,0.444,1,1,1,3,1
2139,0.222,0.636,0.333,1,0,1,2,1
2143,0.18,0.526,0.478,1,0,1,2,1
2146,0.375,1.0,0.667,1,0,0,1,1
2149,0.125,0.286,0.0,1,1,1,3,1
2154,0.259,0.455,0.444,1,1,1,3,1
2156,0.342,1.0,0.625,1,0,0,1,1
2158,0.333,1.0,0.75,1,0,0,1,1
2160,0.212,0.545,0.583,1,0,0,1,1
2162,0.175,0.5,0.714,1,0,0,1,1
2169,0.213,0.583,0.556,1,0,0,1,1
2176,0.316,0.538,0.727,1,0,0,1,1
2179,0.111,0.333,0.615,1,1,0,2,1
2180,0.208,0.522,0.4,1,0,1,2,1
2181,0.0,,,1,0,0,1,1
2185,1.0,,1.0,0,0,0,0,0
2187,0.222,0.0,0.5,1,1,0,2,1
2191,0.111,,1.0,1,0,0,1,1
2194,0.231,0.714,0.636,1,0,0,1,1
2197,0.325,0.286,0.556,1,1,0,2,1
2198,0.138,0.5,0.529,1,0,0,1,1
2199,0.5,0.0,0.5,0,1,0,1,1
2209,0.226,0.667,0.0,1,0,1,2,1
2210,0.405,0.333,0.125,1,1,1,3,1
2220,0.375,0.5,0.5,1,0,0,1,1
2225,0.247,0.391,0.5,1,1,0,2,1
2226,0.255,0.615,0.273,1,0,1,2,1
2232,0.5,,0.0,0,0,1,1,1
2240,0.231,0.333,0.714,1,1,0,2,1
2246,0.184,0.615,0.389,1,0,1,2,1
2250,0.259,0.25,0.667,1,1,0,2,1
2251,0.133,,0.5,1,0,0,1,1
2252,0.0,1.0,1.0,1,0,0,1,1
2254,0.224,1.0,0.417,1,0,1,2,1
2255,0.286,0.5,0.722,1,0,0,1,1
2257,0.244,0.714,0.533,1,0,0,1,1
2261,0.381,0.25,0.5,1,1,0,2,1
2262,0.111,0.4,0.7,1,1,0,2,1
2263,0.266,0.25,0.45,1,1,1,3,1
2264,0.25,0.0,,1,1,0,2,1
2270,0.228,0.727,0.519,1,0,0,1,1
2272,0.308,0.625,0.417,1,0,1,2,1
2274,0.244,0.556,0.643,1,0,0,1,1
2283,0.346,0.375,0.5,1,1,0,2,1
2286,0.375,0.571,0.667,1,0,0,1,1
2289,0.19,0.286,0.4,1,1,1,3,1
2292,0.125,0.462,0.455,1,1,1,3,1
2295,0.273,0.25,0.0,1,1,1,3,1
2298,0.32,0.429,0.545,1,1,0,2,1
2303,0.222,0.5,0.455,1,0,1,2,1
2305,0.429,0.667,1.0,1,0,0,1,1
2310,0.375,1.0,1.0,1,0,0,1,1
2313,0.148,0.333,0.5,1,1,0,2,1
2314,0.258,0.5,0.556,1,0,0,1,1
2315,0.256,0.5,0.4,1,0,1,2,1
2319,0.3,0.5,0.75,1,0,0,1,1
2324,0.1,0.5,0.583,1,0,0,1,1
2325,0.276,0.5,0.818,1,0,0,1,1
2326,0.24,0.333,0.333,1,1,1,3,1
2328,0.263,0.6,1.0,1,0,0,1,1
2331,0.146,0.667,0.6,1,0,0,1,1
2332,0.125,0.556,0.471,1,0,1,2,1
2333,0.186,0.5,0.4,1,0,1,2,1
2342,0.333,,1.0,1,0,0,1,1
2345,0.203,0.583,0.2,1,0,1,2,1
2347,0.167,0.727,0.273,1,0,1,2,1
2348,0.231,0.167,0.455,1,1,1,3,1
2351,0.208,0.333,0.588,1,1,0,2,1
2352,0.3,0.4,0.5,1,1,0,2,1
2353,1.0,0.0,0.0,0,1,1,2,1
2357,0.4,1.0,0.5,1,0,0,1,1
2361,0.0,,0.0,1,0,1,2,1
2362,0.222,0.6,0.375,1,0,1,2,1
2365,0.269,1.0,,1,0,0,1,1
2369,0.278,0.741,0.44,1,0,1,2,1
2378,0.403,0.333,0.591,1,1,0,2,1
2385,0.5,1.0,1.0,0,0,0,0,0
2387,0.238,0.5,0.5,1,0,0,1,1
2389,0.268,0.364,0.467,1,1,1,3,1
2391,0.255,0.455,0.48,1,1,1,3,1
2397,0.292,0.5,0.714,1,0,0,1,1
2399,0.206,0.571,0.5,1,0,0,1,1
2401,0.333,0.2,0.667,1,1,0,2,1
2405,0.25,0.571,0.417,1,0,1,2,1
2413,0.29,0.389,0.429,1,1,1,3,1
2414,0.31,0.5,0.8,1,0,0,1,1
2415,0.179,0.458,0.571,1,1,0,2,1
2421,0.135,0.471,0.714,1,1,0,2,1
2422,0.31,0.778,0.667,1,0,0,1,1
2427,0.0,,0.25,1,0,1,2,1
2429,0.167,1.0,,1,0,0,1,1
2431,0.2,0.5,0.4,1,0,1,2,1
2432,0.25,0.417,0.214,1,1,1,3,1
2438,0.412,0.75,0.6,1,0,0,1,1
2440,0.328,0.333,0.571,1,1,0,2,1
2458,0.429,,0.0,1,0,1,2,1
2462,0.219,1.0,0.636,1,0,0,1,1
2465,0.206,0.545,0.0,1,0,1,2,1
2466,0.346,0.474,0.583,1,1,0,2,1
2467,0.2,,,1,0,0,1,1
2468,0.133,0.0,0.833,1,1,0,2,1
2470,1.0,,,0,0,0,0,0
2481,0.75,,0.833,0,0,0,0,0
2484,0.158,0.4,0.267,1,1,1,3,1
2491,0.328,0.5,0.714,1,0,0,1,1
2497,0.071,0.667,0.429,1,0,1,2,1
2498,0.273,0.857,0.333,1,0,1,2,1
2503,0.2,1.0,,1,0,0,1,1
2505,,,1.0,0,0,0,0,0
2506,0.5,0.25,1.0,0,1,0,1,1
2507,0.333,,,1,0,0,1,1
2512,0.281,0.438,0.222,1,1,1,3,1
2514,0.231,0.571,0.615,1,0,0,1,1
2531,0.2,,1.0,1,0,0,1,1
2532,0.175,1.0,0.579,1,0,0,1,1
2533,0.167,0.429,0.385,1,1,1,3,1
2536,0.25,0.0,0.571,1,1,0,2,1
2539,0.286,0.444,0.478,1,1,1,3,1
2540,0.25,0.667,0.412,1,0,1,2,1
2542,0.08,0.429,0.25,1,1,1,3,1
2545,0.278,0.0,0.308,1,1,1,3,1
2547,0.191,0.467,0.778,1,1,0,2,1
2548,0.154,0.4,0.333,1,1,1,3,1
2554,0.191,0.769,0.789,1,0,0,1,1
2555,0.286,0.455,0.375,1,1,1,3,1
2556,0.261,0.667,0.5,1,0,0,1,1
2559,0.27,0.857,0.286,1,0,1,2,1
2561,0.212,0.375,0.706,1,1,0,2,1
2562,0.259,0.308,0.4,1,1,1,3,1
2564,0.143,0.0,0.5,1,1,0,2,1
2565,0.312,0.571,0.556,1,0,0,1,1
2570,0.346,0.714,0.333,1,0,1,2,1
2573,0.077,,0.667,1,0,0,1,1
2574,0.222,0.333,0.5,1,1,0,2,1
2577,0.222,0.5,1.0,1,0,0,1,1
2580,0.263,0.455,0.471,1,1,1,3,1
2590,0.258,0.375,0.579,1,1,0,2,1
2592,0.36,0.556,0.444,1,0,1,2,1
2593,0.154,,0.444,1,0,1,2,1
2599,0.419,0.8,0.75,1,0,0,1,1
2601,0.188,0.9,0.5,1,0,0,1,1
2602,0.308,0.5,0.571,1,0,0,1,1
2604,0.444,,0.5,1,0,0,1,1
2606,0.143,0.333,0.556,1,1,0,2,1
2607,0.27,0.667,0.333,1,0,1,2,1
2608,0.174,0.333,0.545,1,1,0,2,1
2609,0.333,0.4,0.429,1,1,1,3,1
2611,0.273,0.0,0.333,1,1,1,3,1
2617,0.256,0.25,0.5,1,1,0,2,1
2620,0.292,0.7,0.421,1,0,1,2,1
2623,0.286,0.5,0.462,1,0,1,2,1
2625,0.273,0.471,0.353,1,1,1,3,1
2629,0.119,0.75,0.333,1,0,1,2,1
2633,0.244,0.25,0.667,1,1,0,2,1
2641,0.0,,0.625,1,0,0,1,1
2642,0.474,0.333,0.6,1,1,0,2,1
2647,0.0,0.0,,1,1,0,2,1
2648,0.268,0.833,0.444,1,0,1,2,1
2651,0.25,0.5,0.538,1,0,0,1,1
2653,0.216,0.5,0.5,1,0,0,1,1
2655,0.357,0.5,0.4,1,0,1,2,1
2656,0.263,0.625,0.5,1,0,0,1,1
2658,0.167,0.25,0.7,1,1,0,2,1
2659,0.254,0.562,0.636,1,0,0,1,1
2662,0.194,0.556,0.778,1,0,0,1,1
2663,0.319,0.143,0.667,1,1,0,2,1
2667,0.304,0.0,0.333,1,1,1,3,1
2669,0.188,0.625,0.529,1,0,0,1,1
2675,0.292,0.286,0.429,1,1,1,3,1
2686,0.222,0.0,0.667,1,1,0,2,1
2704,0.4,0.5,0.0,1,0,1,2,1
2712,0.258,0.625,0.333,1,0,1,2,1
2716,0.282,0.667,0.65,1,0,0,1,1
2719,0.0,0.0,0.333,1,1,1,3,1
2720,0.432,0.3,0.429,1,1,1,3,1
2730,0.163,0.5,0.385,1,0,1,2,1
2732,0.24,0.5,0.182,1,0,1,2,1
2737,0.368,0.375,0.552,1,1,0,2,1
2740,0.308,0.545,0.444,1,0,1,2,1
2742,0.356,0.667,0.5,1,0,0,1,1
2743,0.342,0.435,0.538,1,1,0,2,1
2744,0.324,0.2,0.25,1,1,1,3,1
2749,0.28,0.286,0.455,1,1,1,3,1
2754,0.2,0.5,1.0,1,0,0,1,1
2756,0.357,0.583,0.292,1,0,1,2,1
2761,0.5,0.5,0.5,0,0,0,0,0
2764,0.283,0.417,0.5,1,1,0,2,1
2767,0.316,0.143,0.684,1,1,0,2,1
2769,0.222,0.5,0.667,1,0,0,1,1
2779,0.246,0.7,0.636,1,0,0,1,1
2780,0.229,0.571,0.524,1,0,0,1,1
2781,0.36,0.571,0.6,1,0,0,1,1
2788,0.214,0.667,0.667,1,0,0,1,1
2796,0.294,0.455,0.471,1,1,1,3,1
2798,0.25,0.25,,1,1,0,2,1
2800,0.333,0.667,0.286,1,0,1,2,1
2801,0.16,0.4,0.444,1,1,1,3,1
2807,0.25,0.529,0.533,1,0,0,1,1
2814,0.188,0.562,0.571,1,0,0,1,1
2815,0.172,,,1,0,0,1,1
2820,0.167,0.333,0.667,1,1,0,2,1
2835,0.333,0.5,0.25,1,0,1,2,1
2837,0.321,0.526,0.333,1,0,1,2,1
2840,0.143,0.0,0.0,1,1,1,3,1
2843,0.273,0.8,0.333,1,0,1,2,1
2844,0.37,0.583,0.545,1,0,0,1,1
2846,0.174,0.0,0.5,1,1,0,2,1
2849,0.182,0.778,0.714,1,0,0,1,1
2852,0.333,0.692,0.444,1,0,1,2,1
2854,0.217,0.579,0.5,1,0,0,1,1
2855,0.321,0.588,0.429,1,0,1,2,1
2858,0.178,0.6,0.333,1,0,1,2,1
2859,0.196,0.5,0.438,1,0,1,2,1
2861,0.357,0.438,0.5,1,1,0,2,1
2862,0.311,0.6,0.471,1,0,1,2,1
2864,0.391,0.333,0.25,1,1,1,3,1
2871,0.2,0.0,0.333,1,1,1,3,1
2880,0.284,0.333,0.5,1,1,0,2,1
2881,0.227,0.8,0.556,1,0,0,1,1
2887,0.348,0.5,0.5,1,0,0,1,1
2889,0.213,0.538,0.714,1,0,0,1,1
2895,0.071,0.2,0.857,1,1,0,2,1
2899,0.0,1.0,0.667,1,0,0,1,1
2900,0.0,0.0,1.0,1,1,0,2,1
2905,0.176,0.5,0.455,1,0,1,2,1
2907,0.256,0.333,0.364,1,1,1,3,1
2908,0.208,0.5,0.538,1,0,0,1,1
2909,0.204,0.75,0.333,1,0,1,2,1
2910,0.154,0.333,0.429,1,1,1,3,1
2917,0.317,0.476,0.471,1,1,1,3,1
2920,0.278,0.333,0.167,1,1,1,3,1
2922,0.091,0.0,0.333,1,1,1,3,1
2923,0.372,0.6,0.6,1,0,0,1,1
2931,0.309,0.5,0.182,1,0,1,2,1
2940,0.139,0.3,0.889,1,1,0,2,1
2941,0.229,0.615,0.545,1,0,0,1,1
2942,0.286,0.5,0.75,1,0,0,1,1
2943,0.348,0.417,0.5,1,1,0,2,1
2944,0.321,0.364,0.579,1,1,0,2,1
2945,0.062,0.4,0.571,1,1,0,2,1
2947,0.25,1.0,0.4,1,0,1,2,1
2948,0.211,0.6,0.25,1,0,1,2,1
2950,0.296,0.625,0.545,1,0,0,1,1
2953,0.286,,0.2,1,0,1,2,1
2954,0.355,0.667,0.714,1,0,0,1,1
2955,0.179,0.75,0.562,1,0,0,1,1
2958,0.143,0.5,0.571,1,0,0,1,1
2961,0.188,1.0,0.5,1,0,0,1,1
2965,0.242,0.5,0.429,1,0,1,2,1
2968,0.254,0.381,0.636,1,1,0,2,1
2969,0.235,0.533,0.417,1,0,1,2,1
2972,0.077,0.0,0.0,1,1,1,3,1
2973,0.294,0.533,0.833,1,0,0,1,1
2974,0.25,0.6,0.5,1,0,0,1,1
2975,0.192,0.462,0.5,1,1,0,2,1
2977,0.333,0.5,0.538,1,0,0,1,1
2981,0.154,0.545,0.562,1,0,0,1,1
2983,0.167,0.0,0.889,1,1,0,2,1
2989,0.22,0.389,0.654,1,1,0,2,1
2994,0.419,0.5,0.438,1,0,1,2,1
2995,0.189,0.444,0.452,1,1,1,3,1
3001,0.2,0.4,0.615,1,1,0,2,1
3006,0.421,0.6,0.571,1,0,0,1,1
3020,0.25,0.167,0.7,1,1,0,2,1
3021,0.316,0.167,0.833,1,1,0,2,1
3026,0.302,0.75,0.444,1,0,1,2,1
3027,0.293,0.308,0.368,1,1,1,3,1
3030,0.25,0.6,0.571,1,0,0,1,1
3039,0.225,0.6,0.636,1,0,0,1,1
3050,0.105,1.0,0.667,1,0,0,1,1
3051,0.316,0.556,0.429,1,0,1,2,1
3052,0.274,0.381,0.385,1,1,1,3,1
3053,0.333,,,1,0,0,1,1
3055,0.32,0.75,0.476,1,0,1,2,1
3056,0.266,0.833,0.571,1,0,0,1,1
3060,0.214,0.6,0.667,1,0,0,1,1
3062,0.086,0.294,0.25,1,1,1,3,1
3064,0.238,0.6,0.333,1,0,1,2,1
3068,0.2,0.375,0.333,1,1,1,3,1
3069,0.167,0.333,0.4,1,1,1,3,1
3073,0.3,1.0,0.5,1,0,0,1,1
3074,0.192,0.462,0.467,1,1,1,3,1
3080,0.283,0.667,0.667,1,0,0,1,1
3081,0.279,0.524,0.409,1,0,1,2,1
3083,0.167,0.5,0.0,1,0,1,2,1
3090,0.205,0.455,0.625,1,1,0,2,1
3096,0.235,0.611,0.478,1,0,1,2,1
3098,0.167,0.5,0.667,1,0,0,1,1
3099,0.0,0.667,0.0,1,0,1,2,1
3100,0.455,0.0,0.333,1,1,1,3,1
3102,0.277,0.714,0.5,1,0,0,1,1
3105,0.2,1.0,0.5,1,0,0,1,1
3108,0.179,0.375,0.444,1,1,1,3,1
3112,0.364,0.667,0.556,1,0,0,1,1
3116,0.265,0.583,0.556,1,0,0,1,1
3118,0.182,0.4,0.667,1,1,0,2,1
3122,0.333,0.0,,1,1,0,2,1
3123,0.35,0.286,0.571,1,1,0,2,1
3124,0.263,1.0,0.5,1,0,0,1,1
3135,0.271,0.438,0.435,1,1,1,3,1
3146,0.143,0.0,1.0,1,1,0,2,1
3152,0.071,0.167,0.8,1,1,0,2,1
3156,0.188,0.333,0.5,1,1,0,2,1
3160,0.289,0.158,0.667,1,1,0,2,1
3161,0.35,0.875,0.455,1,0,1,2,1
3163,0.312,0.5,0.333,1,0,1,2,1
3164,0.188,0.5,0.429,1,0,1,2,1
3166,0.139,0.5,0.769,1,0,0,1,1
3167,0.154,0.455,0.7,1,1,0,2,1
3170,0.333,0.364,0.375,1,1,1,3,1
3176,0.272,0.355,0.458,1,1,1,3,1
3189,0.353,0.5,0.5,1,0,0,1,1
3192,0.195,0.375,0.833,1,1,0,2,1
3194,0.409,0.6,0.375,1,0,1,2,1
3195,0.224,0.529,0.727,1,0,0,1,1
3211,0.257,0.273,0.538,1,1,0,2,1
3213,0.28,0.562,0.462,1,0,1,2,1
3220,0.297,0.571,0.3,1,0,1,2,1
3224,0.292,0.375,0.4,1,1,1,3,1
3227,0.286,0.5,,1,0,0,1,1
3231,0.238,0.25,0.2,1,1,1,3,1
3237,0.288,0.3,0.652,1,1,0,2,1
3239,0.08,0.714,0.556,1,0,0,1,1
3241,0.192,0.5,0.438,1,0,1,2,1
3243,0.3,,0.0,1,0,1,2,1
3246,0.389,0.75,0.571,1,0,0,1,1
3247,0.263,0.286,0.429,1,1,1,3,1
3248,0.077,0.364,0.6,1,1,0,2,1
3249,0.205,0.318,0.524,1,1,0,2,1
3253,0.262,0.619,0.462,1,0,1,2,1
3255,0.2,0.667,0.462,1,0,1,2,1
3263,0.25,0.333,0.4,1,1,1,3,1
3268,0.261,0.571,0.667,1,0,0,1,1
3272,0.312,0.2,0.8,1,1,0,2,1
3273,0.167,0.5,0.5,1,0,0,1,1
3284,0.125,0.571,0.556,1,0,0,1,1
3299,0.231,0.2,0.571,1,1,0,2,1
3306,0.5,0.5,0.8,0,0,0,0,0
3314,0.273,0.4,0.375,1,1,1,3,1
3316,0.2,0.375,0.296,1,1,1,3,1
3321,0.257,0.467,0.474,1,1,1,3,1
3323,0.207,0.583,0.273,1,0,1,2,1
3324,0.226,0.5,0.607,1,0,0,1,1
3330,0.304,0.0,0.476,1,1,1,3,1
3333,0.157,0.417,0.143,1,1,1,3,1
3336,0.222,0.0,0.0,1,1,1,3,1
3344,0.389,0.2,0.304,1,1,1,3,1
3357,0.0,0.0,0.5,1,1,0,2,1
3364,0.333,0.667,0.538,1,0,0,1,1
3365,0.0,0.5,0.0,1,0,1,2,1
3367,0.234,0.5,0.615,1,0,0,1,1
3378,0.333,0.5,0.375,1,0,1,2,1
3380,0.298,0.583,0.375,1,0,1,2,1
3383,0.361,0.4,0.533,1,1,0,2,1
3385,0.0,,,1,0,0,1,1
3387,0.188,0.4,0.476,1,1,1,3,1
3389,0.235,0.5,0.458,1,0,1,2,1
3400,0.181,0.625,0.667,1,0,0,1,1
3413,0.364,,0.667,1,0,0,1,1
3414,0.263,0.5,0.462,1,0,1,2,1
3415,0.184,0.75,0.5,1,0,0,1,1
3418,0.115,0.714,0.556,1,0,0,1,1
3421,0.263,1.0,0.6,1,0,0,1,1
3423,0.243,0.296,0.4,1,1,1,3,1
3426,0.118,0.5,0.3,1,0,1,2,1
3427,0.312,0.4,0.0,1,1,1,3,1
3429,0.349,0.636,0.615,1,0,0,1,1
3430,0.0,1.0,1.0,1,0,0,1,1
3431,0.273,0.5,0.75,1,0,0,1,1
3438,0.383,0.667,0.389,1,0,1,2,1
3441,0.146,0.417,0.357,1,1,1,3,1
3448,0.267,0.4,0.647,1,1,0,2,1
3449,0.245,0.462,0.385,1,1,1,3,1
3451,0.2,0.182,0.385,1,1,1,3,1
3452,0.306,0.55,0.583,1,0,0,1,1
3454,0.2,0.5,0.4,1,0,1,2,1
3455,0.333,,0.5,1,0,0,1,1
3456,0.0,0.333,1.0,1,1,0,2,1
3461,0.346,0.333,0.625,1,1,0,2,1
3465,0.27,0.667,0.474,1,0,1,2,1
3468,0.23,0.529,0.583,1,0,0,1,1
3469,0.214,0.273,0.333,1,1,1,3,1
3477,0.18,0.571,0.4,1,0,1,2,1
3481,0.178,0.636,0.556,1,0,0,1,1
3485,0.238,0.5,0.375,1,0,1,2,1
3487,0.25,0.68,0.458,1,0,1,2,1
3492,0.125,0.545,1.0,1,0,0,1,1
3493,0.312,0.0,0.8,1,1,0,2,1
3496,0.222,0.5,0.222,1,0,1,2,1
3504,0.319,0.5,0.571,1,0,0,1,1
3509,0.178,0.538,0.333,1,0,1,2,1
3515,0.25,0.0,0.5,1,1,0,2,1
3516,0.0,0.0,0.333,1,1,1,3,1
3518,0.121,0.5,0.476,1,0,1,2,1
3519,0.359,0.625,0.846,1,0,0,1,1
3528,0.5,1.0,0.333,0,0,1,1,1
3540,0.333,0.333,,1,1,0,2,1
3542,0.471,1.0,0.692,1,0,0,1,1
3546,0.244,0.562,0.667,1,0,0,1,1
3549,0.75,,,0,0,0,0,0
3552,0.211,1.0,0.667,1,0,0,1,1
3565,0.231,0.833,0.0,1,0,1,2,1
3568,0.375,0.538,0.444,1,0,1,2,1
3571,0.214,0.4,0.583,1,1,0,2,1
3572,0.292,0.4,0.4,1,1,1,3,1
3575,0.222,0.333,0.444,1,1,1,3,1
3576,0.329,0.636,0.667,1,0,0,1,1
3577,0.296,0.571,0.4,1,0,1,2,1
3579,0.211,0.714,0.588,1,0,0,1,1
3580,0.25,0.0,0.667,1,1,0,2,1
3585,0.0,0.0,0.0,1,1,1,3,1
3589,0.25,0.222,0.0,1,1,1,3,1
3590,0.236,0.6,0.5,1,0,0,1,1
3591,0.158,1.0,0.5,1,0,0,1,1
3593,0.308,0.5,0.5,1,0,0,1,1
3594,0.279,0.444,0.625,1,1,0,2,1
3595,0.0,1.0,0.0,1,0,1,2,1
3603,0.174,0.75,0.467,1,0,1,2,1
3605,0.312,0.474,0.455,1,1,1,3,1
3612,0.351,0.25,0.75,1,1,0,2,1
3625,0.125,0.5,0.25,1,0,1,2,1
3626,0.087,0.5,0.429,1,0,1,2,1
3639,0.273,0.75,0.0,1,0,1,2,1
3640,0.25,0.667,1.0,1,0,0,1,1
3642,0.1,0.75,0.0,1,0,1,2,1
3647,0.289,0.636,0.6,1,0,0,1,1
3652,0.231,1.0,0.333,1,0,1,2,1
3655,0.265,0.714,0.0,1,0,1,2,1
3657,0.2,0.667,0.571,1,0,0,1,1
3658,0.278,0.818,0.143,1,0,1,2,1
3660,0.224,0.318,0.389,1,1,1,3,1
3661,0.0,0.5,0.0,1,0,1,2,1
3671,0.276,0.538,0.435,1,0,1,2,1
3674,0.2,0.5,0.435,1,0,1,2,1
3675,0.333,0.562,0.654,1,0,0,1,1
3678,0.333,,0.0,1,0,1,2,1
3679,0.357,0.667,1.0,1,0,0,1,1
3682,0.259,0.375,0.4,1,1,1,3,1
3683,0.182,0.25,0.5,1,1,0,2,1
3688,0.24,0.75,0.267,1,0,1,2,1
3694,0.357,0.833,0.167,1,0,1,2,1
3696,0.25,0.429,0.333,1,1,1,3,1
3699,0.176,1.0,0.0,1,0,1,2,1
3702,0.173,0.875,0.45,1,0,1,2,1
3703,0.222,0.667,0.524,1,0,0,1,1
3705,0.375,0.5,0.667,1,0,0,1,1
3710,0.467,0.5,0.6,1,0,0,1,1
3717,0.071,1.0,,1,0,0,1,1
3720,0.317,0.429,0.5,1,1,0,2,1
3724,0.348,0.5,0.25,1,0,1,2,1
3725,0.4,0.5,0.455,1,0,1,2,1
3727,0.24,0.667,0.333,1,0,1,2,1
3728,0.167,0.875,0.556,1,0,0,1,1
3730,0.0,,,1,0,0,1,1
3731,0.267,0.625,0.643,1,0,0,1,1
3733,0.261,0.25,0.833,1,1,0,2,1
3738,0.25,0.632,0.615,1,0,0,1,1
3739,0.2,0.375,1.0,1,1,0,2,1
3743,0.154,,0.6,1,0,0,1,1
3746,0.308,0.333,0.625,1,1,0,2,1
3751,0.167,,,1,0,0,1,1
3756,0.375,1.0,0.75,1,0,0,1,1
3758,0.286,0.667,0.111,1,0,1,2,1
3763,0.125,1.0,0.444,1,0,1,2,1
3764,0.25,0.25,0.5,1,1,0,2,1
3765,0.348,0.5,0.75,1,0,0,1,1
3767,0.361,0.273,0.444,1,1,1,3,1
3771,0.414,0.455,0.727,1,1,0,2,1
3773,0.28,0.8,0.467,1,0,1,2,1
3777,0.25,0.643,0.615,1,0,0,1,1
3779,0.361,0.643,0.5,1,0,0,1,1
3782,0.222,0.6,0.5,1,0,0,1,1
3787,0.353,0.6,0.333,1,0,1,2,1
3788,0.125,0.429,0.438,1,1,1,3,1
3793,0.0,0.0,,1,1,0,2,1
3795,0.5,0.667,1.0,0,0,0,0,0
3797,0.125,1.0,0.0,1,0,1,2,1
3811,0.109,0.6,0.273,1,0,1,2,1
3817,0.25,0.6,0.7,1,0,0,1,1
3825,0.3,0.5,0.6,1,0,0,1,1
3826,0.258,0.583,0.533,1,0,0,1,1
3827,0.333,0.4,1.0,1,1,0,2,1
3828,0.261,0.467,0.312,1,1,1,3,1
3834,0.333,0.667,0.333,1,0,1,2,1
3835,0.241,0.462,0.5,1,1,0,2,1
3836,0.203,0.583,0.3,1,0,1,2,1
3839,0.364,0.412,0.684,1,1,0,2,1
3841,0.277,0.438,0.444,1,1,1,3,1
3847,0.194,0.143,0.0,1,1,1,3,1
3850,0.243,0.333,0.778,1,1,0,2,1
3852,0.385,0.364,0.462,1,1,1,3,1
3855,0.263,0.375,0.25,1,1,1,3,1
3859,0.222,0.25,0.571,1,1,0,2,1
3863,0.12,0.833,0.5,1,0,0,1,1
3870,0.207,0.571,0.625,1,0,0,1,1
3875,0.263,0.529,0.414,1,0,1,2,1
3877,0.275,0.5,0.444,1,0,1,2,1
3881,0.311,0.75,0.556,1,0,0,1,1
3882,0.243,0.529,0.6,1,0,0,1,1
3886,0.261,1.0,0.2,1,0,1,2,1
3895,0.25,0.6,0.462,1,0,1,2,1
3896,0.158,0.25,0.571,1,1,0,2,1
3899,0.293,0.5,0.4,1,0,1,2,1
3905,0.294,0.167,0.625,1,1,0,2,1
3910,0.167,0.8,0.6,1,0,0,1,1
3915,0.133,0.5,0.667,1,0,0,1,1
3918,0.3,0.333,0.6,1,1,0,2,1
3920,0.167,0.0,0.667,1,1,0,2,1
3923,0.255,0.4,0.455,1,1,1,3,1
3924,0.419,0.0,0.167,1,1,1,3,1
3934,0.139,0.625,0.3,1,0,1,2,1
3936,0.302,0.467,0.5,1,1,0,2,1
3937,0.444,0.2,0.5,1,1,0,2,1
3940,0.22,0.364,0.524,1,1,0,2,1
3942,0.292,0.429,0.727,1,1,0,2,1
3948,0.322,0.455,0.556,1,1,0,2,1
3949,0.182,0.556,0.75,1,0,0,1,1
3950,0.316,0.462,0.4,1,1,1,3,1
3953,0.25,0.556,0.75,1,0,0,1,1
3955,0.259,0.571,0.2,1,0,1,2,1
3957,0.0,1.0,0.25,1,0,1,2,1
3961,0.355,0.556,0.522,1,0,0,1,1
3963,0.182,0.545,0.727,1,0,0,1,1
3972,0.226,0.667,0.5,1,0,0,1,1
3973,0.333,,0.6,1,0,0,1,1
3974,0.176,0.571,0.2,1,0,1,2,1
3976,0.286,0.0,0.571,1,1,0,2,1
3980,0.23,0.25,0.5,1,1,0,2,1
3983,0.0,0.0,0.0,1,1,1,3,1
3985,0.118,1.0,0.25,1,0,1,2,1
3986,0.314,0.75,0.667,1,0,0,1,1
3996,,1.0,,0,0,0,0,0
3998,0.455,,1.0,1,0,0,1,1
4000,0.438,0.444,0.125,1,1,1,3,1
4001,0.2,0.333,0.25,1,1,1,3,1
4003,0.216,0.5,0.417,1,0,1,2,1
4004,0.37,0.5,0.0,1,0,1,2,1
4007,0.419,0.692,0.429,1,0,1,2,1
4010,0.333,0.545,0.5,1,0,0,1,1
4012,0.286,1.0,0.667,1,0,0,1,1
4014,0.167,1.0,0.5,1,0,0,1,1
4017,0.261,0.818,0.667,1,0,0,1,1
4026,0.0,,1.0,1,0,0,1,1
4038,0.222,0.5,0.667,1,0,0,1,1
4040,0.297,0.316,0.619,1,1,0,2,1
4041,0.239,0.5,0.222,1,0,1,2,1
4051,0.268,0.389,0.636,1,1,0,2,1
4052,0.256,0.25,0.6,1,1,0,2,1
4053,0.273,0.5,0.444,1,0,1,2,1
4054,0.6,1.0,,0,0,0,0,0
4056,0.167,0.5,0.6,1,0,0,1,1
4057,0.324,0.3,0.538,1,1,0,2,1
4058,0.261,0.625,0.75,1,0,0,1,1
4072,0.243,0.556,0.52,1,0,0,1,1
4077,0.128,0.625,0.3,1,0,1,2,1
4080,0.353,1.0,0.5,1,0,0,1,1
4081,0.364,0.6,0.5,1,0,0,1,1
4087,0.154,1.0,0.5,1,0,0,1,1
4089,0.2,1.0,0.571,1,0,0,1,1
4091,0.286,0.333,0.643,1,1,0,2,1
4093,0.267,0.643,0.4,1,0,1,2,1
4098,0.328,0.8,0.56,1,0,0,1,1
4099,0.333,0.0,0.5,1,1,0,2,1
4101,0.2,0.5,0.556,1,0,0,1,1
4103,0.368,0.5,0.429,1,0,1,2,1
4105,0.286,0.727,0.6,1,0,0,1,1
4109,0.296,0.667,0.7,1,0,0,1,1
4110,0.268,0.417,0.455,1,1,1,3,1
4112,0.235,0.444,0.75,1,1,0,2,1
4114,0.286,0.545,0.5,1,0,0,1,1
4117,0.133,0.333,0.429,1,1,1,3,1
4120,0.171,0.462,0.444,1,1,1,3,1
4127,0.299,0.417,0.529,1,1,0,2,1
4136,0.233,0.56,0.5,1,0,0,1,1
4142,0.217,1.0,1.0,1,0,0,1,1
4145,0.245,0.556,0.632,1,0,0,1,1
4149,0.278,1.0,0.5,1,0,0,1,1
4157,0.312,0.333,0.533,1,1,0,2,1
4158,0.0,0.375,0.333,1,1,1,3,1
4159,0.378,0.667,0.385,1,0,1,2,1
4165,0.316,0.2,0.444,1,1,1,3,1
4166,0.224,0.636,0.3,1,0,1,2,1
4167,0.25,0.5,0.667,1,0,0,1,1
4170,0.0,0.0,1.0,1,1,0,2,1
4172,0.389,0.333,0.25,1,1,1,3,1
4184,0.155,0.667,0.467,1,0,1,2,1
4186,0.125,0.25,1.0,1,1,0,2,1
4189,0.143,1.0,0.333,1,0,1,2,1
4191,0.143,0.6,0.667,1,0,0,1,1
4192,0.3,0.583,0.409,1,0,1,2,1
4194,0.176,0.333,0.118,1,1,1,3,1
4198,0.238,0.545,0.609,1,0,0,1,1
4199,0.362,0.0,0.471,1,1,1,3,1
4204,0.255,0.647,0.647,1,0,0,1,1
4206,0.25,0.417,0.6,1,1,0,2,1
4207,0.311,0.833,0.143,1,0,1,2,1
4210,0.182,0.583,0.444,1,0,1,2,1
4214,0.5,0.0,1.0,0,1,0,1,1
4215,0.308,0.333,0.5,1,1,0,2,1
4217,0.215,0.556,0.267,1,0,1,2,1
4220,0.312,0.455,0.545,1,1,0,2,1
4222,0.277,0.4,0.522,1,1,0,2,1
4226,0.255,0.556,0.625,1,0,0,1,1
4232,0.3,0.571,0.571,1,0,0,1,1
4234,0.25,1.0,0.0,1,0,1,2,1
4235,0.263,0.333,0.5,1,1,0,2,1
4247,0.333,0.625,0.143,1,0,1,2,1
4250,0.244,0.7,0.611,1,0,0,1,1
4251,0.333,0.0,0.0,1,1,1,3,1
4254,0.231,0.6,0.5,1,0,0,1,1
4256,0.276,0.25,0.55,1,1,0,2,1
4260,0.3,0.833,0.5,1,0,0,1,1
4261,0.259,0.5,0.444,1,0,1,2,1
4265,0.304,0.0,0.0,1,1,1,3,1
4266,0.138,1.0,0.0,1,0,1,2,1
4275,0.275,0.579,0.462,1,0,1,2,1
4278,0.192,0.6,0.6,1,0,0,1,1
4279,0.2,1.0,1.0,1,0,0,1,1
4282,0.255,0.444,0.524,1,1,0,2,1
4289,0.05,0.2,0.308,1,1,1,3,1
4292,0.271,0.526,0.333,1,0,1,2,1
4296,0.265,0.417,0.545,1,1,0,2,1
4309,0.333,0.333,1.0,1,1,0,2,1
4311,0.227,0.429,0.583,1,1,0,2,1
4315,0.178,0.429,0.364,1,1,1,3,1
4318,0.179,0.6,0.529,1,0,0,1,1
4326,0.302,0.824,0.368,1,0,1,2,1
4328,0.0,,0.75,1,0,0,1,1
4329,0.212,0.529,0.455,1,0,1,2,1
4331,0.3,0.0,0.5,1,1,0,2,1
4333,0.19,0.5,0.611,1,0,0,1,1
4338,0.217,0.571,0.4,1,0,1,2,1
4343,0.242,0.4,0.444,1,1,1,3,1
4347,0.3,0.5,1.0,1,0,0,1,1
4353,0.25,1.0,0.0,1,0,1,2,1
4360,0.192,1.0,0.429,1,0,1,2,1
4367,0.364,0.875,0.667,1,0,0,1,1
4373,0.222,0.5,0.429,1,0,1,2,1
4377,0.3,0.5,0.667,1,0,0,1,1
4378,0.237,0.5,0.529,1,0,0,1,1
4386,0.103,0.545,0.6,1,0,0,1,1
4389,0.271,0.375,0.5,1,1,0,2,1
4395,0.25,0.333,0.8,1,1,0,2,1
4396,0.167,,0.0,1,0,1,2,1
4398,0.219,0.6,0.458,1,0,1,2,1
4405,0.238,0.8,0.6,1,0,0,1,1
4407,0.264,0.5,0.533,1,0,0,1,1
4409,0.263,0.333,0.286,1,1,1,3,1
4413,0.16,0.294,0.643,1,1,0,2,1
4416,0.263,0.75,0.0,1,0,1,2,1
4426,0.212,0.333,0.583,1,1,0,2,1
4430,0.25,0.429,0.444,1,1,1,3,1
4433,0.167,,0.6,1,0,0,1,1
4435,0.216,0.6,0.538,1,0,0,1,1
4438,0.167,0.692,0.545,1,0,0,1,1
4440,0.392,0.353,0.125,1,1,1,3,1
4442,0.241,0.4,0.4,1,1,1,3,1
4444,0.254,0.368,0.381,1,1,1,3,1
4445,0.275,0.2,0.4,1,1,1,3,1
4450,0.083,1.0,0.5,1,0,0,1,1
4453,0.308,0.167,0.667,1,1,0,2,1
4454,0.111,0.667,1.0,1,0,0,1,1
4458,0.333,0.417,0.5,1,1,0,2,1
4461,0.222,0.5,0.222,1,0,1,2,1
4464,0.275,0.833,0.692,1,0,0,1,1
4475,,1.0,,0,0,0,0,0
4482,0.077,0.667,0.571,1,0,0,1,1
4488,0.304,0.6,0.7,1,0,0,1,1
4489,0.667,0.5,0.0,0,0,1,1,1
4496,0.357,0.667,0.615,1,0,0,1,1
4502,0.286,,0.286,1,0,1,2,1
4503,0.225,0.667,0.5,1,0,0,1,1
4506,0.276,0.615,0.5,1,0,0,1,1
4512,0.5,1.0,0.667,0,0,0,0,0
4513,0.211,0.75,0.25,1,0,1,2,1
4514,0.429,0.5,1.0,1,0,0,1,1
4515,0.382,0.5,0.833,1,0,0,1,1
4518,0.312,0.4,0.75,1,1,0,2,1
4521,0.193,0.286,0.429,1,1,1,3,1
4523,0.216,0.5,0.769,1,0,0,1,1
4528,0.266,0.375,0.4,1,1,1,3,1
4530,0.19,0.0,0.571,1,1,0,2,1
4535,0.127,0.6,0.421,1,0,1,2,1
4536,0.238,0.385,0.4,1,1,1,3,1
4541,0.257,0.348,0.522,1,1,0,2,1
4562,0.3,0.286,0.593,1,1,0,2,1
4564,0.177,0.667,0.625,1,0,0,1,1
4569,0.357,0.5,0.471,1,0,1,2,1
4572,0.25,0.556,0.667,1,0,0,1,1
4573,0.208,0.571,0.75,1,0,0,1,1
4583,0.222,0.0,0.333,1,1,1,3,1
4585,0.429,0.4,0.25,1,1,1,3,1
4587,0.2,0.75,0.571,1,0,0,1,1
4591,0.188,0.526,0.533,1,0,0,1,1
4593,0.232,0.5,0.917,1,0,0,1,1
4596,0.414,0.467,0.444,1,1,1,3,1
4598,0.219,0.375,0.467,1,1,1,3,1
4604,0.22,0.6,0.462,1,0,1,2,1
4606,0.333,0.667,0.421,1,0,1,2,1
4613,0.364,0.6,0.6,1,0,0,1,1
4618,0.207,0.722,0.538,1,0,0,1,1
4619,0.308,0.75,1.0,1,0,0,1,1
4620,0.203,0.667,0.4,1,0,1,2,1
4621,0.235,0.5,0.333,1,0,1,2,1
4628,0.333,0.5,0.0,1,0,1,2,1
4629,0.2,0.571,0.583,1,0,0,1,1
4630,0.25,0.667,1.0,1,0,0,1,1
4633,0.188,0.5,0.588,1,0,0,1,1
4634,0.233,0.5,0.625,1,0,0,1,1
4639,0.28,0.444,0.5,1,1,0,2,1
4648,0.421,1.0,0.5,1,0,0,1,1
4651,0.156,0.8,0.455,1,0,1,2,1
4655,0.186,0.667,0.526,1,0,0,1,1
4656,0.1,,0.25,1,0,1,2,1
4660,0.2,0.471,0.667,1,1,0,2,1
4661,0.194,0.429,0.692,1,1,0,2,1
4665,0.333,0.5,0.5,1,0,0,1,1
4668,0.2,,1.0,1,0,0,1,1
4672,0.4,0.0,0.5,1,1,0,2,1
4679,0.333,0.6,0.571,1,0,0,1,1
4686,0.0,1.0,0.667,1,0,0,1,1
4688,0.262,0.333,0.308,1,1,1,3,1
4692,0.071,0.286,0.5,1,1,0,2,1
4693,0.318,0.455,0.579,1,1,0,2,1
4696,0.237,1.0,0.727,1,0,0,1,1
4701,0.265,0.571,0.5,1,0,0,1,1
4702,0.2,0.0,0.333,1,1,1,3,1
4707,0.111,0.5,0.706,1,0,0,1,1
4708,0.5,0.286,0.5,0,1,0,1,1
4710,0.292,0.0,0.643,1,1,0,2,1
4712,0.192,0.75,0.5,1,0,0,1,1
4715,0.227,0.667,0.571,1,0,0,1,1
4719,0.258,0.5,0.571,1,0,0,1,1
4726,0.235,0.75,0.6,1,0,0,1,1
4727,0.197,0.6,0.4,1,0,1,2,1
4729,0.246,0.462,0.55,1,1,0,2,1
4732,0.286,0.5,0.0,1,0,1,2,1
4735,0.2,0.5,0.0,1,0,1,2,1
4737,0.233,0.75,0.429,1,0,1,2,1
4745,0.2,0.375,0.5,1,1,0,2,1
4749,0.1,0.625,0.5,1,0,0,1,1
4755,0.196,0.571,0.5,1,0,0,1,1
4756,0.467,0.364,0.571,1,1,0,2,1
4759,0.318,0.333,0.2,1,1,1,3,1
4761,0.25,0.45,0.4,1,1,1,3,1
4762,0.345,0.2,0.615,1,1,0,2,1
4763,0.31,0.5,0.75,1,0,0,1,1
4766,0.362,0.565,0.458,1,0,1,2,1
4770,0.263,0.4,0.429,1,1,1,3,1
4772,0.128,0.4,0.579,1,1,0,2,1
4779,0.211,0.467,0.471,1,1,1,3,1
4785,0.242,0.444,0.5,1,1,0,2,1
4787,0.256,0.8,0.48,1,0,1,2,1
4790,0.143,0.45,0.517,1,1,0,2,1
4795,0.175,0.625,0.5,1,0,0,1,1
4798,0.167,0.833,0.4,1,0,1,2,1
4803,0.083,0.667,0.25,1,0,1,2,1
4804,0.333,0.4,0.0,1,1,1,3,1
4809,0.275,0.5,0.286,1,0,1,2,1
4810,0.196,0.364,0.4,1,1,1,3,1
4812,0.143,0.571,0.458,1,0,1,2,1
4814,0.176,0.625,,1,0,0,1,1
4822,0.062,0.75,0.0,1,0,1,2,1
4824,0.277,0.6,0.571,1,0,0,1,1
4826,0.282,0.857,0.533,1,0,0,1,1
4829,0.209,0.692,0.357,1,0,1,2,1
4830,0.273,0.444,0.571,1,1,0,2,1
4834,0.243,0.375,0.7,1,1,0,2,1
4835,0.178,0.5,0.4,1,0,1,2,1
4839,0.167,0.4,0.5,1,1,0,2,1
4840,0.227,0.5,0.5,1,0,0,1,1
4842,0.233,0.571,0.526,1,0,0,1,1
4843,0.214,0.4,0.6,1,1,0,2,1
4847,0.292,0.333,0.429,1,1,1,3,1
4850,0.125,0.375,0.714,1,1,0,2,1
4852,0.261,0.412,0.375,1,1,1,3,1
4854,0.333,0.0,0.0,1,1,1,3,1
4855,0.161,0.1,0.609,1,1,0,2,1
4859,0.273,0.75,0.375,1,0,1,2,1
4862,0.256,0.3,0.667,1,1,0,2,1
4865,0.304,0.556,0.615,1,0,0,1,1
4872,0.269,0.222,0.5,1,1,0,2,1
4873,0.22,0.667,0.25,1,0,1,2,1
4875,0.267,0.5,0.7,1,0,0,1,1
4876,0.196,0.545,0.476,1,0,1,2,1
4877,0.302,0.45,0.69,1,1,0,2,1
4884,0.32,0.4,0.353,1,1,1,3,1
4885,0.333,0.429,0.0,1,1,1,3,1
4888,0.222,0.6,0.429,1,0,1,2,1
4890,0.295,0.375,0.667,1,1,0,2,1
4892,0.198,0.5,0.516,1,0,0,1,1
4900,0.2,0.333,0.636,1,1,0,2,1
4904,0.2,0.714,0.538,1,0,0,1,1
4908,0.667,,0.0,0,0,1,1,1
4909,0.136,0.2,0.833,1,1,0,2,1
4910,0.333,0.0,0.75,1,1,0,2,1
4914,0.194,0.286,0.6,1,1,0,2,1
4917,0.222,0.625,0.5,1,0,0,1,1
4926,0.091,1.0,0.333,1,0,1,2,1
4930,0.135,0.5,0.25,1,0,1,2,1
4941,0.263,0.714,0.609,1,0,0,1,1
4942,0.152,0.571,0.5,1,0,0,1,1
4943,0.0,,0.5,1,0,0,1,1
4944,0.286,0.333,0.375,1,1,1,3,1
4945,0.286,0.545,0.667,1,0,0,1,1
4948,0.0,1.0,0.0,1,0,1,2,1
4951,0.385,0.455,0.5,1,1,0,2,1
4965,0.059,,0.6,1,0,0,1,1
4968,0.306,0.583,0.667,1,0,0,1,1
4970,0.333,1.0,0.5,1,0,0,1,1
4971,0.323,0.385,0.75,1,1,0,2,1
4972,0.222,0.462,0.6,1,1,0,2,1
4973,0.167,0.857,0.5,1,0,0,1,1
4976,0.256,0.0,0.3,1,1,1,3,1
4979,0.364,,0.5,1,0,0,1,1
4984,0.182,,,1,0,0,1,1
4985,0.4,0.5,0.4,1,0,1,2,1
4987,0.237,0.538,0.286,1,0,1,2,1
4990,0.2,0.2,0.571,1,1,0,2,1
4992,0.0,,1.0,1,0,0,1,1
4995,0.091,1.0,0.333,1,0,1,2,1
4999,0.269,0.778,0.333,1,0,1,2,1
